<?xml version="1.0" encoding="UTF-8"?>
<!DOCTYPE log4j:configuration SYSTEM "https://logging.apache.org/log4j/1.2/apidocs/org/apache/log4j/xml/doc-files/log4j.dtd">
<log4j:configuration
	xmlns:log4j="http://jakarta.apache.org/log4j/" debug="false">

	<appender name="console"
		class="org.apache.log4j.ConsoleAppender">
		<layout class="org.apache.log4j.PatternLayout">
			<param name="ConversionPattern"
				value="%d{yyyy-MM-dd HH:mm:ss} %-5p %c{1}:%L - %m%n" />
		</layout>
	</appender>

	<appender name="fileAppender"
		class="org.apache.log4j.FileAppender">
		<param name="Threshold" value="ERROR" />
		<param name="File" value="saleforce.log" />
		<layout class="org.apache.log4j.PatternLayout">
			<param name="ConversionPattern" value="%d %-5p [%c{1}] %m %n" />
		</layout>
	</appender>
	<root>
		<level value="ERROR" />
		<appender-ref ref="console" />
		<appender-ref ref="fileAppender" />

	</root>
</log4j:configuration>